section,category,templates,routes,Home,Pricing,Product,About,Compare,Playbooks,SEO landing,Agency landing,Try Valley,LinkedIn automation,Blog index,Blog archive,Blog post,Case studies index,Case study,Legal
shell.navbar,SHELL,15,529,x,x,x,x,x,x,x,x,x,x,x,,x,x,x,x
shell.footer,SHELL,15,529,x,x,x,x,x,x,x,x,x,x,x,,x,x,x,x
hero.post-header,HERO,1,492,,,,,,,,,,,,,x,,,
content.post-sidebar,CONTENT,1,492,,,,,,,,,,,,,x,,,
content.post-body,CONTENT,1,492,,,,,,,,,,,,,x,,,
content.related-posts,CONTENT,1,492,,,,,,,,,,,,,x,,,
hero.case-study,HERO,1,21,,,,,,,,,,,,,,,x,
proof.case-testimonial,PROOF,1,21,,,,,,,,,,,,,,,x,
conversion.waitlist-band,CONVERSION,1,21,,,,,,,,,,,,,,,x,
conversion.case-faq,CONVERSION,1,21,,,,,,,,,,,,,,,x,
content.case-article,CONTENT,1,21,,,,,,,,,,,,,,,x,
content.more-case-studies,CONTENT,1,21,,,,,,,,,,,,,,,x,
conversion.faq,CONVERSION,7,9,,x,,,,,x,x,x,x,x,,,x,,
proof.logos-migrated,PROOF,2,4,,,,,,,x,x,,,,,,,,
proof.video-wall,PROOF,2,4,,,,,,,x,x,,,,,,,,
proof.case-banner,PROOF,2,4,,,,,,,x,x,,,,,,,,
shell.sticky-bar,SHELL,1,3,,,,,,,x,,,,,,,,,
hero.landing-seo,HERO,1,3,,,,,,,x,,,,,,,,,
product.feature-tiles,PRODUCT,1,3,,,,,,,x,,,,,,,,,
product.problem-cards,PRODUCT,1,3,,,,,,,x,,,,,,,,,
comparison.paths,COMPARISON,1,3,,,,,,,x,,,,,,,,,
conversion.demo-calendar,CONVERSION,1,3,,,,,,,x,,,,,,,,,
hero.scene-cycler,HERO,2,2,x,,x,,,,,,,,,,,,,
proof.logo-wall,PROOF,2,2,x,,x,,,,,,,,,,,,,
proof.customer-stories-bare,PROOF,2,2,,x,x,,,,,,,,,,,,,
proof.logo-cases,PROOF,2,2,,,,,,,,,x,x,,,,,,
proof.wall-ticker,PROOF,2,2,,,,,,,,,x,x,,,,,,
product.showcase-tabs,PRODUCT,2,2,x,,x,,,,,,,,,,,,,
product.team-fit,PRODUCT,2,2,x,,x,,,,,,,,,,,,,
product.valley-magic,PRODUCT,2,2,,,,,,,,,x,x,,,,,,
comparison.compact,COMPARISON,2,2,,,x,,,,,x,,,,,,,,
conversion.offer-faq,CONVERSION,2,2,x,,x,,,,,,,,,,,,,
content.legal-document,CONTENT,1,2,,,,,,,,,,,,,,,,x
hero.pricing,HERO,1,1,,x,,,,,,,,,,,,,,
hero.about,HERO,1,1,,,,x,,,,,,,,,,,,
hero.agency,HERO,1,1,,,,,,,,x,,,,,,,,
hero.automation,HERO,1,1,,,,,,,,,,x,,,,,,
hero.contact-form,HERO,1,1,,,,,,,,,x,,,,,,,
hero.blog,HERO,1,1,,,,,,,,,,,x,,,,,
hero.casestudies,HERO,1,1,,,,,,,,,,,,,,x,,
hero.playbooks,HERO,1,1,,,,,,x,,,,,,,,,,
proof.customer-stories,PROOF,1,1,x,,,,,,,,,,,,,,,
proof.endorsement,PROOF,1,1,x,,,,,,,,,,,,,,,
proof.wall-of-love,PROOF,1,1,x,,,,,,,,,,,,,,,
proof.case-bento,PROOF,1,1,,,,,,,,,,x,,,,,,
proof.quote-reveal,PROOF,1,1,,,,,,,,,,x,,,,,,
proof.video-testimonials,PROOF,1,1,,,,,,,,,,,,,,x,,
proof.customer-logo-band,PROOF,1,1,,,,,,,,,,,,,,x,,
product.steps-walkthrough,PRODUCT,1,1,x,,,,,,,,,,,,,,,
product.jobs-stack,PRODUCT,1,1,x,,,,,,,,,,,,,,,
product.integrations,PRODUCT,1,1,x,,,,,,,,,,,,,,,
product.workflow-stack,PRODUCT,1,1,,,x,,,,,,,,,,,,,
product.agency-margin,PRODUCT,1,1,,,,,,,,x,,,,,,,,
product.agency-workflow,PRODUCT,1,1,,,,,,,,x,,,,,,,,
product.automation-features,PRODUCT,1,1,,,,,,,,,,x,,,,,,
product.automation-steps,PRODUCT,1,1,,,,,,,,,,x,,,,,,
product.automation-tabs,PRODUCT,1,1,,,,,,,,,,x,,,,,,
comparison.full,COMPARISON,1,1,,,,,x,,,,,,,,,,,
comparison.agency-paths,COMPARISON,1,1,,,,,,,,x,,,,,,,,
conversion.plans,CONVERSION,1,1,,x,,,,,,,,,,,,,,
conversion.studios-waitlist,CONVERSION,1,1,,x,,,,,,,,,,,,,,
conversion.pricing-calendar,CONVERSION,1,1,,x,,,,,,,,,,,,,,
conversion.automation-calendar,CONVERSION,1,1,,,,,,,,,,x,,,,,,
conversion.closing-cta,CONVERSION,1,1,x,,,,,,,,,,,,,,,
conversion.playbook-cta,CONVERSION,1,1,,,,,,x,,,,,,,,,,
content.research-library,CONTENT,1,1,,,,,,,,,,,x,,,,,
content.blog-card-grid,CONTENT,1,1,,,,,,,,,,,x,,,,,
content.case-study-strip,CONTENT,1,1,,,,,,,,,,,x,,,,,
content.archive-list,CONTENT,1,1,,,,,,,,,,,,x,,,,
content.case-grid,CONTENT,1,1,,,,,,,,,,,,,,x,,
content.playbook-categories,CONTENT,1,1,,,,,,x,,,,,,,,,,
content.playbook-library,CONTENT,1,1,,,,,,x,,,,,,,,,,
content.playbook-drawer,CONTENT,1,1,,,,,,x,,,,,,,,,,
company.mission,COMPANY,1,1,,,,x,,,,,,,,,,,,
company.team,COMPANY,1,1,,,,x,,,,,,,,,,,,
company.backers,COMPANY,1,1,,,,x,,,,,,,,,,,,
company.hiring,COMPANY,1,1,,,,x,,,,,,,,,,,,
ROUTE COUNT,,,530,1,1,1,1,1,1,3,1,1,1,1,1,492,1,21,2